id	area	title	year	x	y	ix
4021984	NLP	aspect-based sentiment analysis: x2check at absita 2018	2018	16.069052731844682	-17.599632481807216	4022011
4036102	NLP	bidirectional attentional lstm for aspect based sentiment analysis on italian	2018	16.061067958812433	-17.628685376523613	4036129
4056798	NLP	deque: a lexicon of complex prepositions and conjunctions in french	2016	16.357573710858578	-17.500155254631238	4056825
4077855	NLP	stem and fragment priming on verbal forms of italian	2017	16.240866816132165	-17.687092249924927	4077882
