id	area	title	year	x	y	ix
2155544	Mobile	teaching and training cybersecurity as a cloud service	2015	19.861390298564018	11.467022885312902	2155571
2813842	SE	towards sentiment analysis for mobile devices	2016	19.98551971510916	11.39025474293442	2813869
3840742	Web+IR	claas: cybersecurity lab as a service	2015	19.8655869680618	11.465459671857815	3840769
