id	area	title	year	x	y	ix
4076102	ML	fftm: a fuzzy feature transformation method for medical documents	2014	9.148494620906927	-15.034598644715539	4076129
4078006	NLP	discursive mining viewpoints in building multi-document synthesized sheets	2014	8.350961884150674	-15.187791059342347	4078033
4083550	Robotics	using segmentation to control the retrieval of data	2006	8.654046001260642	-15.201193375274961	4083577
4086352	AI	effectively classifying short texts by structured sparse representation with dictionary filtering	2015	9.115002667591996	-15.44264287569636	4086379
4091729	Web+IR	new feature selection methods based on context similarity for text categorization	2014	8.979256657476544	-15.09183406427628	4091756
4093635	NLP	bayesian nonparametric language models	2012	8.923859157381617	-15.443943870536025	4093662
4098098	NLP	video annotation using hierarchical dirichlet process mixture model	2011	8.415251779726514	-15.163641946252007	4098125
