id	area	title	year	x	y	ix
4079829	Vision	enhanced semantic representation for improved ontology-based information retrieval	2013	8.96024553271385	-13.846937620037398	4079856
4080421	DB	semi-automatic audio semantic concept discovery for multimedia retrieval	2014	9.00034956042852	-13.838301174766315	4080448
4080977	Vision	multimodal fusion: combining visual and textual cues for concept detection in video	2015	8.386451552820919	-14.254582359815792	4081004
4082391	DB	an approximate string match for garbled text with various accuracy	1997	8.46890224421863	-14.58361447550194	4082418
4084765	Web+IR	further investigations for documents information retrieval based on dwt	2016	8.530331599750923	-14.409998410854225	4084792
4086036	Vision	contextual kernel and spectral methods for learning the semantics of images	2011	8.537564711355097	-14.531118292637675	4086063
4091064	Vision	visual search reranking via adaptive particle swarm optimization	2011	9.055047723362524	-13.693706097152939	4091091
