id	area	title	year	x	y	ix
4090850	HCI	revisiting feedback systems: trust building in digital markets	2009	-0.1565370451202619	3.9960082090951823	4090877
4093844	AI	"""auctions of homogeneous goods with increasing returns: experimental comparison of alternative """"dutch"""" auctions"""	2004	-0.06252886552253592	4.132516303112775	4093871
4098958	ECom	contingent payment mechanisms to maximize resource utilization	2016	-0.3351683514653465	3.6961133890943176	4098985
4099576	ECom	platform-based information goods: the economics of exclusivity	2010	-0.4244438195757288	4.5093716850378405	4099603
4100232	ECom	on the equilibria and efficiency of the gsp mechanism in keyword auctions with externalities	2008	0.26043437652032125	3.7720256469498255	4100259
4101274	Theory	hypercomputation: towards an extension of the classical notion of computability?	2012	0.3573190223266829	4.557324781172077	4101301
4101552	Theory	group-aware weighted bipartite b-matching	2016	-0.2938831932571861	4.018223705125122	4101579
4102757	Mobile	browsing catalogue graphs: content caching supercharged!!	2011	0.3024493600427807	4.1281359415170735	4102784
4103241	ECom	a general equilibrium analysis on impersonal networking decisions, e-commerce, and bundling pricing	2004	-0.3990109250094979	4.31739222524709	4103268
