id	area	title	year	x	y	ix
4090706	Logic	some generalizations of fuzzy structures in quantum computational logic	2011	-0.13390334520798014	5.197726558530938	4090733
4093548	Logic	simple example of weak modal logic based on intuitionistic core	2018	0.461597405236895	5.527386195000179	4093575
4096247	Logic	conservation of information: applications in functional, reversible, and quantum computing	2003	0.08918775657192518	4.760408763107972	4096274
4098566	AI	alternative axiomatizations of elementary probability theory	1979	0.2958295827455588	4.744872008571544	4098593
4099547	Logic	possible-worlds semantics for modal notions conceived as predicates	2003	0.020435821497306068	5.481108018955378	4099574
4101065	Logic	privative negation in the port royal logic	2016	0.4381042628221532	5.2243392700186755	4101092
