id	area	title	year	x	y	ix
4068226	NLP	on the interplay between variability and negative dependence for bivariate distributions	2003	-12.634685679568147	3.70317930604498	4068253
4070242	ML	can we create a viable free open source alternative to magma, maple, mathematica and matlab?	2008	-12.302909883805597	3.8986735608983367	4070269
4074475	ML	entropy concept for paramacrosystems with complex states	2012	-12.297020260865608	4.0042921329625845	4074502
4074629	Theory	the entropy gain of quantum channels	2011	-12.621760770391393	4.424668928614405	4074656
4078451	Robotics	some properties of the integrated fractional brownian motion	2015	-12.191719906169846	4.067392617194323	4078478
4081284	Theory	recovering quantum gates from few average gate fidelities	2018	-12.231142332543552	4.5252778915127045	4081311
4084862	AI	finite approximations to coherent choice	2009	-13.009676601178985	3.941988756337106	4084889
4088029	Theory	locally undetermined states, generalized schmidt decomposition, and application in deistributed comuting	2011	-12.443613414346759	3.9273544118260615	4088056
4088186	Theory	characterizations of the poisson distribution based on random splitting and random expanding	1975	-12.483912563051572	3.7345373607615473	4088213
4088882	Theory	probabilities of competing binomial random variables	2012	-12.275692917928472	4.189663679939054	4088909
4089110	ML	operational interpretation of rényi information measures via composite hypothesis testing against product and markov distributions	2018	-12.190302113407517	3.7815878206863522	4089137
4091437	AI	some properties of rényi entropy and rényi entropy rate	2009	-12.302491450319257	3.670748702572397	4091464
4097722	AI	on the minimal solutions of max-min fuzzy relational equations	2008	-12.8863657836145	4.5685019013230175	4097749
4098191	Theory	number-phase uncertainty relations in terms of generalized entropies	2012	-12.449312684396912	3.753967094751937	4098218
4099975	Theory	concavity of entropy under thinning	2009	-12.654872208170335	3.95298437175433	4100002
4100434	Logic	reversible markov structures on divisible set partitions	2015	-12.774228795962948	4.510699673288079	4100461
4103066	HPC	fast and stable algorithm for computing the principal square root of a complex matrix	1993	-12.543428614885766	4.571725946852894	4103093
4103259	Theory	on limiting measures for a class of one-dimensional linear cellular automata	2016	-12.835472016484484	4.267145259696406	4103286
