id	area	title	year	x	y	ix
4065428	Theory	on the spectral norms of cauchy-toeplitz and cauchy-hankel matrices	2003	-12.36249024441149	4.916758686936109	4065455
4067183	Arch	the fidelity alternative and quantum measurement simulation	2010	-12.387078978295829	4.827402723519672	4067210
4067307	Logic	proof of one inequality in identification theory	2012	-12.071003038865372	5.4415741549282375	4067334
4067377	NLP	region of variability for close-to-convex functions-ii	2009	-12.329045645093071	5.233885545225965	4067404
4067888	Theory	topological sequence entropy and chaos	2014	-12.929644033793357	4.965098200923	4067915
4072568	HPC	molecular communication for nanoscale communication networks	2010	-12.612722348285216	5.009273107943328	4072595
4076196	Theory	device-independent characterizations of the quantum state in a bell experiment	2016	-12.5282900374027	4.767219582418707	4076223
4080770	Theory	effectively closed sets of measures and randomness	2008	-12.842778619635641	5.147847340719409	4080797
4081168	Theory	erratum to: sub-range jacobi polynomials	2016	-12.078263124833416	4.631640956264602	4081195
4081933	Theory	dependence between path-length and size in random digital trees	2017	-12.569614157422132	5.036874715841076	4081960
4084614	Theory	fast simulation of large-scale growth models	2013	-12.417847661025396	4.6785675668992335	4084641
4084764	Theory	bell inequality for qunits with binary measurements	2003	-12.285670323269231	4.892386648533051	4084791
4084979	Robotics	"""comments on the paper """"mathematical model for the free surface flow under a sluice gate"""" by titus petrila, published in applied mathematics and computation 125 (2002) 49-58"""	2004	-12.43195497869733	4.840349566395579	4085006
4089911	Vision	on the representation of the projected motion group in 2 + 1d	1993	-12.66564936502333	5.207934595132968	4089938
4091329	Crypto	evaluation of length and level for simple program schemes	1979	-12.260328878901005	5.054362883271634	4091356
4098032	Metrics	rate-distortion in molecular signal sensing with ligand receptors	2015	-12.689489155326074	5.173513245596826	4098059
