{"tile_depth": 1000, "max_zoom": 200, "limits": [[-121.15358731029406, 112.06599290996027], [-108.34596519905344, 116.71272271059897]]}