id	area	title	year	x	y	ix
4081290	Security	explicating sdks: uncovering assumptions underlying secure authentication and authorization	2013	14.502871776555775	14.1717817859488	4081317
4085099	Security	towards side-channel secure firmware updates - a minimalist anomaly detection approach	2016	14.715079334570826	14.620940208685687	4085126
4087276	Arch	bass: a benchmark suite for evaluating architectural security systems	2006	14.467866098785414	14.633703318742368	4087303
4087776	Security	hookscout: proactive binary-centric hook detection	2010	14.78989613105216	14.6081893712434	4087803
4088297	OS	"""""""weird machines"""" in elf: a spotlight on the underappreciated metadata"""	2013	14.121723519095106	14.791216711505651	4088324
4089766	SE	static detection of cross-site scripting vulnerabilities	2008	14.66224058596493	14.509621896183894	4089793
4091107	HCI	symbolic deobfuscation: from virtualized code back to the original	2018	14.080808543572186	14.637513483185785	4091134
4091191	Security	linux kernel integrity measurement using contextual inspection	2007	14.152900681688442	14.808551941995447	4091218
4094942	Security	a formal approach for detection of security flaws in the android permission system	2017	14.399029805392141	14.36389352443253	4094969
4097356	Security	compatible and usable mandatory access control for good-enough os security	2009	14.910957820828994	14.623781361070067	4097383
4098172	Security	defense on the move: ant-based cyber defense	2014	14.832822370141423	15.0813357541584	4098199
4099619	Security	upgrading your android, elevating my malware: privilege escalation through mobile os updating	2014	14.720157988607427	14.833952498021846	4099646
4101244	Security	a dynamic taint tracking based method to detect sensitive information leaking	2014	14.889688945925505	14.925481881709914	4101271
4101563	AI	system health and intrusion monitoring using a hierarchy of constraints	2001	14.18338960961027	14.249964692839244	4101590
4103578	Security	ndroid: toward tracking information flows across multiple android contexts	2019	14.136941970521908	14.575927085494035	4103605
