id	area	title	year	x	y	ix
4080190	Security	isolated virtualised clusters: testbeds for high-risk security experimentation and training	2010	15.227412468913045	13.75516269565601	4080217
4083800	Security	using static analysis tools to detect and correct non-compliant cryptography	2011	15.411678746157241	13.633279170586992	4083827
4088281	Mobile	developing an ontology of cyber-operations in networks of computers	2018	15.526641747440651	13.770675346943605	4088308
4088784	Security	probabilistic modeling and inference for obfuscated cyber attack sequences	2018	15.279781274341598	14.02727255427092	4088811
4090355	Security	improving the common vulnerability scoring system	2007	15.241980361218731	13.212740632029519	4090382
4095316	Security	using attack graphs to design systems	2007	15.380135823391758	13.216577021823163	4095343
4096485	Metrics	modeling vulnerability discovery process in apache and iis http servers	2011	15.116862834317491	13.630526987876642	4096512
4099145	Security	dynamic defense architecture for the security of the internet of things	2015	15.088935559964154	13.959975807069686	4099172
