id	area	title	year	x	y	ix
4080666	SE	towards a scalable resource-driven approach for detecting repackaged android applications	2014	15.925745653521464	14.769430444703117	4080693
4081887	Web+IR	xss-fp: browser fingerprinting using html parser quirks	2012	15.905356914516352	14.701934607190688	4081914
4083330	Security	sok: exploiting network printers	2017	15.422510244901574	14.487614369549869	4083357
4085314	SE	analyzing the process of installing rogue software	2009	15.5625303364744	15.016240963457026	4085341
4088094	Security	an empirical study on the software integrity of virtual appliances: are you really getting what you paid for?	2013	15.539798033946106	14.60456280101508	4088121
4090185	Arch	improving the security of android inter-component communication	2013	15.026031459507276	14.630197030055854	4090212
4094284	Security	analyzing the dangers posed by chrome extensions	2014	15.818616420612855	14.697283893668372	4094311
4096667	Security	the wombat attack attribution method: some results	2009	15.897510542094786	14.847580206039352	4096694
4097233	SE	automating disk forensic processing with sleuthkit, xml and python	2009	15.164222033928313	14.281147053095731	4097260
4098660	DB	visualising communication network security attacks	2007	15.927370222639091	14.994401808863051	4098687
4099248	SE	towards mining comprehensive android sandboxes	2018	15.223198635110714	14.672236686354875	4099275
4101423	Security	execution patterns in automatic malware and human-centric attacks	2008	15.809055378868466	14.507110607591269	4101450
4101833	Security	droidforensics: accurate reconstruction of android attacks via multi-layer forensic logging	2017	15.317974812144511	14.980017435915705	4101860
4103020	Metrics	hunting for dom-based xss vulnerabilities in mobile cloud-based online social network	2018	15.026261593746653	14.795235463240434	4103047
