id	area	title	year	x	y	ix
2411023	AI	the fopho speech recognition project	1983	10.321966103992935	-21.961988438440095	2411050
2643107	HCI	increasing the usability of text entry in mobile devices for european languages and languages used in europe	2007	10.315645262265717	-21.858482840945072	2643134
2798260	NLP	n-best based supervised and unsupervised adaptation for native and non-native speakers in cars	1999	10.177989039862062	-21.4609119845476	2798287
2802548	AI	pos tagging using relaxation labelling	1996	10.907214947889347	-21.321020601221523	2802575
2843787	ML	ord's criterion with word length spectra for the discrimination of texts, music and computer programs	2007	10.27579318178666	-22.65157278921864	2843814
2892856	NLP	frequency effects in morpheme segmentation	2015	10.201581962120068	-21.38521111557827	2892883
2985468	PL	character repertoires, ordering and assignment to the 12-key keypad supporting european cultural diversity	2006	10.195742314171207	-21.8419609981284	2985495
3042270	ML	fitting ranked linguistic data with two-parameter functions	2010	10.376172517662583	-22.522815695450696	3042297
3095294	HCI	increasing text-entry usability in mobile devices for languages used in europe	2006	10.444842961911936	-21.903542253613967	3095321
3138819	NLP	increasing our ignorance' of language: identifying language structure in an unknown 'signal'	2000	10.858975870094794	-21.800037243585297	3138846
3710116	NLP	menzerath-altmann law and prothetic /v/ in spoken czech	2019	10.289183343835337	-21.80788549990584	3710143
3849222	NLP	parsing with look-ahead in real-time on-line translation system	1988	10.716986771601961	-21.368502327650567	3849249
3921498	NLP	lexical differences in autobiographical narratives from schizophrenic patients and healthy controls	2012	11.194030697733726	-21.808742662164146	3921525
