id	area	title	year	x	y	ix
4075190	DB	heterogeneous information integration for supply chain systems	2005	13.283394245986836	9.16732009030955	4075217
4077979	SE	double-state based business process description model and its operational semantics	2012	13.858770252500406	8.886960336098856	4078006
4079233	SE	towards a uml 2.0 profile for rbac modeling in activity diagrams	2006	13.29522534993825	8.65754634872772	4079260
4080044	SE	develop soa applications using rational sca tools	2010	13.730027726699731	9.143363743627626	4080071
4080162	AI	a distributed multi-model-based management information system for simulation and decision-making on construction projects	2011	13.984845437095704	8.778533585637982	4080189
4080803	Robotics	integrated process modeling for dynamic b2b collaboration	2005	13.418170179636178	9.359695174914703	4080830
4082882	Robotics	coordination of cooperative processes with the synchronization point concept	2003	13.651804460842259	9.232016639543355	4082909
4085566	SE	object oriented organizational modeling	1995	13.220341497714694	8.843214704060351	4085593
4093588	SE	integrated architecture of electronic mall systems - how strategies, processes and organizations influence information system design	1998	13.393008508377724	8.965250537688267	4093615
4094907	SE	testing services and service-centric systems: challenges and opportunities	2006	13.719948756088915	9.055611628638395	4094934
4097358	HCI	agent-oriented context-aware platforms supporting communities of practice in health care	2005	13.830688770712293	9.13264338369917	4097385
4100832	SE	semantics and web 2.0 technologies to support business process management	2010	13.252641785669026	8.764179179967345	4100859
4102513	SE	closing the business-application gap in soa - challenges and solution directions	2007	13.25810926859982	9.040729824740623	4102540
