{"tile_depth": 6000, "max_zoom": 683, "limits": [[-30.439067308452277, 31.451093751752705], [-30.898281589412946, 30.45930413881759]]}