id	area	title	year	x	y	ix
4084926	ML	automatic speech recognition: an improved paradigm	2011	7.0576227101041775	-20.142860530868283	4084953
4085739	Robotics	simultaneous ann feature and hmm recognizer design using string-based minimum classification error (mce) training	1996	6.626209112884888	-20.209488977527663	4085766
4086955	ML	likability classification - a not so deep neural network approach	2012	6.409109761287813	-19.484203675407112	4086982
4090918	Vision	forensic automatic speaker recognition	2001	6.4693271183017265	-20.0636558833265	4090945
4092152	Vision	free-text keystroke dynamics authentication with a reduced need for training and language independency	2017	6.810064998771242	-20.12124355328085	4092179
4101631	ML	sound signal processing with seq2tree network	2018	6.830522790132642	-19.55029938839728	4101658
