id	area	title	year	x	y	ix
4094948	Theory	adaptive iir filtering: current results and open issues	1984	-18.249366346274762	-0.8974537008918034	4094975
4099082	ECom	estimation of mittag-leffler parameters	2013	-18.337742255586306	-1.0340004684926811	4099109
