id	area	title	year	x	y	ix
4006340	ML	the (1, 2)-step competition graph of a pure local tournament that is not round decomposable	2016	-17.950714244516192	10.149558036781432	4006367
4019854	ML	alternating paths through disjoint line segments	2003	-18.078539887615076	9.36812012605212	4019881
4025254	Theory	on a conjecture of godsil concerning controllable random graphs	2016	-18.01204863373224	9.866591105323977	4025281
4047447	Theory	graph family operations	2001	-17.920520768287112	10.08505058402591	4047474
4057029	ML	a newly recognized intrinsically knotted graph	2003	-17.94743124543555	9.976746166541826	4057056
4080950	Theory	graphs and hermitian matrices: exact interlacing	2008	-18.091493963056873	9.646968109911645	4080977
4081988	Theory	combinatorics and complexity of guarding polygons with edge and point 2-transmitters	2018	-18.166710049942086	10.026224722987406	4082015
4082165	Theory	on totally unimodular matrices	1976	-18.264378224383822	10.076173262630695	4082192
4094832	Theory	tetravalent s-transitive graphs of order 4p	2009	-17.97267994214604	9.78414926455442	4094859
