id	area	title	year	x	y	ix
4099827	AI	can machine learning solve my problem?	1994	0.8934480078593082	-7.0542812881725965	4099854
