id	area	title	year	x	y	ix
4096101	ML	lf-cars: a loose fragment-based consensus clustering algorithm with a robust similarity	2012	0.6317221686903888	-6.822768587042992	4096128
4098403	Robotics	speeding-up the k-means clustering method: a prototype based approach	2009	0.7112952307246672	-6.449667804783357	4098430
4098882	DB	improvement by sorting and thresholding in pca based nearest neighbor search	2012	0.8161573342876365	-6.318239768367737	4098909
4100060	AI	markov associativities	2005	0.5344041072661297	-6.507084849308736	4100087
4101313	ML	multi-channel ecg classification using forests of randomized shapelet trees	2015	0.791567569720902	-6.908089263784277	4101340
4102716	ML	efficient hierarchical clustering of large data sets using p-trees.	2002	1.2237365987858042	-6.139868957250574	4102743
