id	area	title	year	x	y	ix
4077635	ML	batch normalized recurrent neural networks	2016	7.957221562578568	-19.57652720586605	4077662
4080954	NLP	the mitll nist lre 2015 language recognition system	2012	7.629372301696667	-20.047376172277676	4080981
4091748	Robotics	learning speed improvement using multi-gpus on dnn-based acoustic model training in korean intelligent personal assistant	2015	8.093962822378845	-20.267650305820588	4091775
4094413	NLP	aix map task corpus: the french multimodal corpus of task-oriented dialogue	2014	7.487336258539507	-19.90628014918796	4094440
4095572	AI	cisco's speaker segmentation and recognition system	2012	8.10539959172023	-19.51859574818649	4095599
4097965	PL	on the first greek-tts based on festival speech synthesis	2002	8.08456726019223	-19.777517666215445	4097992
4099271	NLP	multilingual recurrent neural networks with residual learning for low-resource speech recognition	2017	8.132452565156058	-20.12627890353994	4099298
4100341	HCI	model compression applied to small-footprint keyword spotting	2016	7.691691720877615	-19.707972887082637	4100368
4101069	Vision	multi domain features for speaker independent word recognition	2002	7.455299152998289	-19.722979695830432	4101096
4101250	ML	long short-term memory recurrent neural network architectures for large scale acoustic modeling	2014	7.847133158051293	-19.83840191496723	4101277
